LOT_SIZE,CATEGORY,NO_OF_FLOOR,SCHEME,PRICE,DATE_OF_VALUATION
1226,Detached House,1,KG PANDAN,560000,2017
1204.15,Detached House,2,KAW JLN AMPANG/AMPANG HILIR,4800000,2020
1116,Detached House,2,DATO KERAMAT HUJUNG,2400000,2017
833,Detached House,1,KG PANDAN,850000,2018
816,Detached House,2,DATO KERAMAT HUJUNG,2200000,2020
782,Detached House,1,KG PANDAN,770000,2019
776,Detached House,2,KG PANDAN,1000000,2019
759.63,Detached House,2,DATO KERAMAT HUJUNG,3350000,2020
743.2,Detached House,2,KAW JLN AMPANG/AMPANG HILIR,3800000,2019
743,Detached House,2,KAW JLN AMPANG/AMPANG HILIR,5700000,2017
712.5,Detached House,2,KAW JLN AMPANG/AMPANG HILIR,4300000,2018
696.55,Detached House,2,KAW JLN AMPANG/AMPANG HILIR,4500000,2018
689,Detached House,2,KAW JLN AMPANG/AMPANG HILIR,2500000,2017
680,Detached House,2,DATO KERAMAT HUJUNG,1900000,2019
550,Detached House,2,TMN MALURI,2900000,2020
462,Detached House,1,KPG DESA PAHLAWAN,900000,2019
462,Detached House,1,KPG DESA PAHLAWAN,750000,2017
317,Terraced House,2,KAW JLN AMPANG/AMPANG HILIR,2400000,2020
243,Terraced House,2,KAW JLN AMPANG/AMPANG HILIR,2000000,2020
264,Terraced House,2,KAW JLN AMPANG/AMPANG HILIR,1840000,2020
358,Detached House,1,KG PANDAN,330000,2018
231,Terraced House,2,KAW JLN AMPANG/AMPANG HILIR,1600000,2019
326,Terraced House,2,KAW JLN AMPANG/AMPANG HILIR,1590000,2018
263.37,Terraced House,2,KAW JLN AMPANG/AMPANG HILIR,1500000,2018
264,Terraced House,2,KAW JLN AMPANG/AMPANG HILIR,1480000,2020
263.372,Terraced House,2,KAW JLN AMPANG/AMPANG HILIR,1450000,2017
261.049,Terraced House,2,KAW JLN AMPANG/AMPANG HILIR,1380000,2020
264,Terraced House,2,KAW JLN AMPANG/AMPANG HILIR,1360000,2020
426.597,Terraced House,2,TMN MALURI,1340000,2021
229,Terraced House,2,KAW JLN AMPANG/AMPANG HILIR,1250000,2017
200.02,Terraced House,2,KAW JLN AMPANG/AMPANG HILIR,1250000,2020
200,Terraced House,2,KAW JLN AMPANG/AMPANG HILIR,1160000,2018
257,Condominium/Apartment,21,TARA KONDOMINIUM,1050000,2020
161,Town Houses,6,AMPANG 971 CONDO,1400000,2019
250,Condominium/Apartment,21,TARA KONDOMINIUM,1480000,2020
250,Condominium/Apartment,21,TARA KONDOMINIUM,1400000,2017
249,Condominium/Apartment,21,TARA KONDOMINIUM,1420000,2017
249,Condominium/Apartment,21,TARA KONDOMINIUM,1280000,2019
153.29,Terraced House,2,TMN MALURI,1050000,2021
153.285,Terraced House,2,TMN MALURI,1010000,2018
239,Condominium/Apartment,21,TARA KONDOMINIUM,1430000,2017
408.203,Terraced House,2,TMN MALURI,1000000,2020
407,Terraced House,2,TMN MALURI,1000000,2020
222.96,Terraced House,2,TMN MALURI,1000000,2017
153,Terraced House,2,KAW JLN AMPANG/AMPANG HILIR,1000000,2019
222.96,Terraced House,2,TMN MALURI,900000,2019
149,Terraced House,2,KG PANDAN,900000,2017
153.285,Terraced House,2,TMN MALURI,890000,2020
153.29,Terraced House,2,TMN MALURI,880000,2020
153.285,Terraced House,2,TMN MALURI,860000,2019
193,Condominium/Apartment,25,MUTIARA UPPER EAST CONDO,1550000,2018
193,Condominium/Apartment,23,MUTIARA UPPER EAST CONDO,1500000,2018
193,Condominium/Apartment,23,MUTIARA UPPER EAST CONDO,1450000,2018
193,Condominium/Apartment,23,MUTIARA UPPER EAST CONDO,1400000,2018
193,Condominium/Apartment,25,MUTIARA UPPER EAST CONDO,1380000,2019
193,Condominium/Apartment,23,MUTIARA UPPER EAST CONDO,1355000,2019
193,Condominium/Apartment,25,MUTIARA UPPER EAST CONDO,1350000,2019
193,Condominium/Apartment,23,MUTIARA UPPER EAST CONDO,1300000,2017
193,Condominium/Apartment,23,MUTIARA UPPER EAST CONDO,1300000,2019
193,Condominium/Apartment,23,MUTIARA UPPER EAST CONDO,1120000,2020
193,Condominium/Apartment,25,MUTIARA UPPER EAST CONDO,800000,2017
192,Condominium/Apartment,7,WICKHAM MANOR,767957,2018
187,Condominium/Apartment,7,WICKHAM MANOR,950000,2017
187,Condominium/Apartment,7,WICKHAM MANOR,950000,2020
186,Condominium/Apartment,25,MUTIARA UPPER EAST CONDO,1330000,2018
160,Town Houses,4,AMPANG 971 CONDO,1400000,2020
160,Town Houses,4,AMPANG 971 CONDO,1377500,2018
160,Town Houses,4,AMPANG 971 CONDO,1350000,2018
161,Condominium/Apartment,19,MENARA POLO,560000,2020
161,Condominium/Apartment,21,MENARA POLO,550000,2020
160,Town Houses,4,AMPANG 971 CONDO,1350000,2018
160,Town Houses,6,AMPANG 971 CONDO,1340000,2020
160,Town Houses,6,AMPANG 971 CONDO,1310000,2017
160,Town Houses,6,AMPANG 971 CONDO,1308000,2017
160,Town Houses,4,AMPANG 971 CONDO,1260000,2018
160,Town Houses,4,AMPANG 971 CONDO,1100000,2018
148,Town Houses,4,AMPANG 971 CONDO,1065000,2021
160,Condominium/Apartment,6,AMPANG 971 CONDO,1300000,2018
254,Town Houses,6,AMPANG 971 CONDO,1000000,2017
161,Town Houses,4,AMPANG 971 CONDO,1000000,2020
159,Condominium/Apartment,23,MUTIARA UPPER EAST CONDO,1200000,2019
159,Condominium/Apartment,23,MUTIARA UPPER EAST CONDO,1180000,2018
159,Condominium/Apartment,23,MUTIARA UPPER EAST CONDO,1150000,2020
159,Condominium/Apartment,25,MUTIARA UPPER EAST CONDO,1080000,2017
159,Condominium/Apartment,23,MUTIARA UPPER EAST CONDO,1080000,2017
159,Condominium/Apartment,23,MUTIARA UPPER EAST CONDO,1030006,2017
159,Condominium/Apartment,23,MUTIARA UPPER EAST CONDO,900000,2017
156,Condominium/Apartment,23,MUTIARA UPPER EAST CONDO,1250000,2018
156,Condominium/Apartment,23,MUTIARA UPPER EAST CONDO,1200000,2019
156,Condominium/Apartment,23,MUTIARA UPPER EAST CONDO,1150000,2017
156,Condominium/Apartment,23,MUTIARA UPPER EAST CONDO,1080000,2018
156,Condominium/Apartment,23,MUTIARA UPPER EAST CONDO,900000,2020
285.76,Terraced House,2,TMN MALURI,850000,2021
153.29,Terraced House,2,TMN MALURI,850000,2020
153.285,Terraced House,2,TMN MALURI,850000,2019
153.285,Terraced House,2,TMN MALURI,850000,2021
153.285,Terraced House,2,TMN MALURI,850000,2018
153.29,Terraced House,2,TMN MALURI,840000,2017
153.285,Terraced House,2,TMN MALURI,825000,2019
153.285,Terraced House,2,TMN MALURI,820000,2020
262.82,Terraced House,1,TMN MALURI,800000,2020
222.96,Terraced House,2,TMN MALURI,800000,2018
153.285,Terraced House,2,TMN MALURI,800000,2019
153.285,Terraced House,2,TMN MALURI,790000,2017
153.285,Terraced House,2,TMN MALURI,780000,2019
153.285,Terraced House,2,TMN MALURI,780000,2021
153.285,Terraced House,2,TMN MALURI,780000,2018
153.285,Terraced House,2,TMN MALURI,760000,2018
153.285,Terraced House,2,TMN MALURI,750000,2018
153.285,Terraced House,2,TMN MALURI,730000,2017
153.285,Terraced House,2,TMN MALURI,730000,2019
153.285,Terraced House,2,TMN MALURI,730000,2020
153.285,Terraced House,2,TMN MALURI,730000,2020
153.29,Terraced House,2,TMN MALURI,725000,2020
153.29,Terraced House,2,TMN MALURI,700000,2018
153.285,Terraced House,2,TMN MALURI,700000,2017
143.06,Terraced House,1,TMN MALURI,700000,2018
153.285,Terraced House,2,TMN MALURI,690000,2018
153.285,Terraced House,2,TMN MALURI,650000,2020
153.285,Terraced House,2,TMN MALURI,600000,2020
228.627,Terraced House,1,TMN MALURI,580000,2020
153.285,Terraced House,2,TMN MALURI,580000,2019
208.096,Terraced House,1,TMN MALURI,570000,2018
153.285,Terraced House,2,TMN MALURI,560000,2017
143.066,Terraced House,1,TMN MALURI,530000,2018
161,Town Houses,6,AMPANG 971 CONDO,1000000,2020
143.066,Terraced House,1,TMN MALURI,510000,2020
148,Town Houses,4,AMPANG 971 CONDO,1000000,2018
147,Town Houses,6,AMPANG 971 CONDO,1000000,2017
147,Town Houses,6,AMPANG 971 CONDO,1000000,2017
147,Town Houses,4,AMPANG 971 CONDO,1000000,2017
147,Town Houses,6,AMPANG 971 CONDO,950000,2020
147,Town Houses,4,AMPANG 971 CONDO,950000,2020
148,Town Houses,4,AMPANG 971 CONDO,930000,2018
151.799,Town Houses,4,AMPANG 971 CONDO,920000,2020
147,Town Houses,6,AMPANG 971 CONDO,900000,2018
148,Town Houses,6,AMPANG 971 CONDO,880000,2017
147,Town Houses,6,AMPANG 971 CONDO,700000,2019
148,Town Houses,4,AMPANG 971 CONDO,656000,2020
148,Town Houses,6,AMPANG 971 CONDO,656000,2020
156,Condominium/Apartment,23,MUTIARA UPPER EAST CONDO,700000,2019
145,Condominium/Apartment,25,MUTIARA UPPER EAST CONDO,1150000,2018
242,Terraced House,2,KAW JLN AMPANG/AMPANG HILIR,500000,2020
145,Condominium/Apartment,23,MUTIARA UPPER EAST CONDO,1050000,2017
145,Condominium/Apartment,23,MUTIARA UPPER EAST CONDO,925000,2017
145,Condominium/Apartment,23,MUTIARA UPPER EAST CONDO,880000,2019
145,Condominium/Apartment,23,MUTIARA UPPER EAST CONDO,880000,2020
145,Condominium/Apartment,9,VILLA PAWANA,810000,2020
140,Condominium/Apartment,7,WICKHAM MANOR,417680,2020
153.285,Terraced House,2,TMN MALURI,500000,2020
143.066,Terraced House,1,TMN MALURI,500000,2018
143.006,Terraced House,1,TMN MALURI,500000,2020
143.066,Terraced House,1,TMN MALURI,470000,2017
146.033,Terraced House,1,TMN MALURI,450000,2019
143,Terraced House,1,TMN MALURI,440000,2017
143.066,Terraced House,1,TMN MALURI,420000,2020
285.76,Terraced House,2,TMN MALURI,400000,2017
143.066,Terraced House,1,TMN MALURI,400000,2019
143.066,Terraced House,1,TMN MALURI,350000,2018
139,Condominium/Apartment,5,DESA PANDAN,430000,2019
139,Condominium/Apartment,20,DESA PANDAN,280000,2019
139,Condominium/Apartment,2,DESA PANDAN,280000,2019
138,Condominium/Apartment,4,MENARA POLO,680000,2018
138,Condominium/Apartment,4,MENARA POLO,650000,2018
138,Condominium/Apartment,19,MENARA POLO,600000,2020
138,Condominium/Apartment,19,MENARA POLO,560000,2019
138,Condominium/Apartment,19,MENARA POLO,560000,2020
138,Condominium/Apartment,19,MENARA POLO,540000,2018
138,Condominium/Apartment,19,MENARA POLO,520000,2017
138,Condominium/Apartment,19,MENARA POLO,480000,2020
138,Condominium/Apartment,19,MENARA POLO,460000,2019
138,Condominium/Apartment,19,MENARA POLO,455000,2018
138,Condominium/Apartment,19,MENARA POLO,450000,2020
138,Condominium/Apartment,19,MENARA POLO,440000,2020
138,Condominium/Apartment,19,MENARA POLO,400000,2019
137.96,Condominium/Apartment,21,MENARA POLO,550000,2018
137,Condominium/Apartment,4,DESA PANDAN,700000,2017
137,Condominium/Apartment,4,DESA PANDAN,623000,2017
137,Condominium/Apartment,4,DESA PANDAN,500000,2017
121,Condominium/Apartment,6,CATALINA VILLA,440000,2021
119.38,Condominium/Apartment,18,PERTIWI INDAH APARTMENT,580000,2017
119,Condominium/Apartment,5,DESA PANDAN,805000,2019
119,Condominium/Apartment,18,PERTIWI INDAH APARTMENT,690000,2018
119,Condominium/Apartment,17,PERTIWI INDAH APARTMENT,688000,2017
119,Condominium/Apartment,17,PERTIWI INDAH APARTMENT,670000,2018
119,Condominium/Apartment,18,PERTIWI INDAH APARTMENT,660000,2018
119,Condominium/Apartment,18,PERTIWI INDAH APARTMENT,650000,2019
119,Condominium/Apartment,18,PERTIWI INDAH APARTMENT,630000,2018
119,Condominium/Apartment,17,PERTIWI INDAH APARTMENT,600000,2017
119,Condominium/Apartment,18,PERTIWI INDAH APARTMENT,600000,2018
119,Condominium/Apartment,18,PERTIWI INDAH APARTMENT,580000,2019
119,Condominium/Apartment,18,PERTIWI INDAH APARTMENT,555000,2019
119,Condominium/Apartment,18,PERTIWI INDAH APARTMENT,546000,2019
119,Condominium/Apartment,18,PERTIWI INDAH APARTMENT,530000,2019
119,Condominium/Apartment,17,PERTIWI INDAH APARTMENT,525000,2020
119,Condominium/Apartment,17,PERTIWI INDAH APARTMENT,520000,2017
119,Condominium/Apartment,18,PERTIWI INDAH APARTMENT,400000,2019
113,Condominium/Apartment,21,TARA KONDOMINIUM,650000,2017
111,Condominium/Apartment,9,VILLA PAWANA,530000,2018
110,Condominium/Apartment,21,GCB COURT,480000,2017
110,Condominium/Apartment,21,GCB COURT,435000,2019
110,Condominium/Apartment,22,GCB COURT,430000,2018
109.994,Condominium/Apartment,22,GCB COURT,499000,2017
109,Condominium/Apartment,3,CASA RIA,500000,2017
109,Condominium/Apartment,3,CASA RIA,480000,2018
109,Condominium/Apartment,20,CASA RIA,480000,2021
109,Condominium/Apartment,22,BAM VILLAS,450000,2017
109,Condominium/Apartment,22,BAM VILLAS,450000,2018
109,Condominium/Apartment,3,CASA RIA,450000,2018
109,Condominium/Apartment,19,MENARA CASA  RIA,420000,2019
109,Condominium/Apartment,20,CASA RIA,400000,2020
109,Condominium/Apartment,22,BAM VILLAS,395000,2019
109,Condominium/Apartment,3,CASA RIA,390000,2018
109,Condominium/Apartment,20,CASA RIA,385000,2018
109,Condominium/Apartment,22,BAM VILLAS,380000,2020
109,Condominium/Apartment,22,BAM VILLAS,380000,2020
109,Condominium/Apartment,22,BAM VILLAS,370000,2017
109,Condominium/Apartment,22,BAM VILLAS,370000,2019
104,Condominium/Apartment,19,CASA RIA,450000,2019
104,Condominium/Apartment,20,CASA RIA,430000,2017
104,Condominium/Apartment,3,CASA RIA,410000,2019
103.68,Condominium/Apartment,3,CASA RIA,450000,2019
103.676,Condominium/Apartment,20,CASA RIA,450000,2019
103,Condominium/Apartment,18,PERTIWI INDAH APARTMENT,540000,2018
103,Condominium/Apartment,18,PERTIWI INDAH APARTMENT,520000,2018
103,Condominium/Apartment,18,PERTIWI INDAH APARTMENT,490000,2019
103,Condominium/Apartment,18,PERTIWI INDAH APARTMENT,460000,2018
103,Condominium/Apartment,18,PERTIWI INDAH APARTMENT,400000,2020
103,Condominium/Apartment,18,PERTIWI INDAH APARTMENT,350000,2019
102.004,Condominium/Apartment,18,PERTIWI INDAH APARTMENT,360000,2019
102,Condominium/Apartment,18,PERTIWI INDAH APARTMENT,560000,2018
100,Condominium/Apartment,3,CASA RIA,500000,2019
100,Condominium/Apartment,22,CASA RIA,470000,2017
100,Condominium/Apartment,3,CASA RIA,460000,2020
100,Condominium/Apartment,3,CASA RIA,450000,2018
100,Condominium/Apartment,3,CASA RIA,450000,2020
100,Condominium/Apartment,3,CASA RIA,450000,2020
100,Condominium/Apartment,3,CASA RIA,435000,2017
100,Condominium/Apartment,3,CASA RIA,435000,2018
100,Condominium/Apartment,3,CASA RIA,400000,2017
100,Condominium/Apartment,3,CASA RIA,400000,2017
100,Condominium/Apartment,3,CASA RIA,400000,2017
100,Condominium/Apartment,3,CASA RIA,380000,2020
100,Condominium/Apartment,3,CASA RIA,375000,2019
100,Condominium/Apartment,3,CASA RIA,365000,2020
100,Condominium/Apartment,3,CASA RIA,350000,2018
100,Condominium/Apartment,20,CASA RIA,350000,2020
100,Condominium/Apartment,3,CASA RIA,250000,2018
99,Condominium/Apartment,22,BAM VILLAS,450000,2019
99,Condominium/Apartment,22,BAM VILLAS,450000,2020
99,Condominium/Apartment,22,BAM VILLAS,400000,2018
99,Condominium/Apartment,22,BAM VILLAS,395000,2017
99,Condominium/Apartment,22,BAM VILLAS,370000,2017
99,Condominium/Apartment,22,BAM VILLAS,370000,2018
99,Condominium/Apartment,22,BAM VILLAS,360000,2018
99,Condominium/Apartment,22,BAM VILLAS,350000,2019
99,Condominium/Apartment,22,BAM VILLAS,335000,2020
99,Condominium/Apartment,22,BAM VILLAS,330000,2017
99,Condominium/Apartment,22,BAM VILLAS,330000,2020
99,Condominium/Apartment,22,BAM VILLAS,320000,2019
99,Condominium/Apartment,22,BAM VILLAS,318000,2020
99,Condominium/Apartment,22,BAM VILLAS,315000,2019
99,Condominium/Apartment,22,BAM VILLAS,315000,2020
99,Condominium/Apartment,22,BAM VILLAS,240000,2020
99,Condominium/Apartment,22,BAM VILLAS,210000,2018
97.824,Condominium/Apartment,3,CASA RIA,450000,2018
94,Condominium/Apartment,18,PERTIWI INDAH APARTMENT,500000,2017
94,Condominium/Apartment,18,PERTIWI INDAH APARTMENT,390000,2020
93,Condominium/Apartment,18,PERTIWI INDAH APARTMENT,490000,2017
93,Condominium/Apartment,20,CASA RIA,450000,2017
93,Condominium/Apartment,18,PERTIWI INDAH APARTMENT,445000,2019
93,Condominium/Apartment,20,CASA RIA,438000,2019
93,Condominium/Apartment,3,CASA RIA,430000,2018
93,Condominium/Apartment,18,PERTIWI INDAH APARTMENT,430000,2020
93,Condominium/Apartment,18,PERTIWI INDAH APARTMENT,420000,2021
93,Condominium/Apartment,3,CASA RIA,415000,2020
93,Condominium/Apartment,3,CASA RIA,400000,2017
93,Condominium/Apartment,3,CASA RIA,400000,2019
93,Condominium/Apartment,3,CASA RIA,200000,2019
88,Flat,5,DESA PANDAN,455000,2018
90.59,Condominium/Apartment,22,BAM VILLAS,360000,2017
90.59,Condominium/Apartment,22,BAM VILLAS,350000,2019
90.57,Condominium/Apartment,22,BAM VILLAS,250000,2017
89,Condominium/Apartment,5,DESA PANDAN,395000,2017
89,Flat,5,DESA PANDAN,450000,2018
88,Flat,5,DESA PANDAN,450000,2020
88,Flat,5,DESA PANDAN,440000,2018
88,Flat,5,DESA PANDAN,435000,2019
88.07,Condominium/Apartment,5,DESA PANDAN,450000,2017
89,Flat,5,DESA PANDAN,410000,2018
88,Flat,5,DESA PANDAN,405000,2020
89,Flat,5,DESA PANDAN,400000,2020
89,Flat,5,DESA PANDAN,400000,2018
88,Flat,5,DESA PANDAN,400000,2018
88,Flat,5,DESA PANDAN,400000,2019
86,Flat,3,MANOR APARTMENT,400000,2017
88,Flat,5,DESA PANDAN,395000,2020
88,Flat,5,DESA PANDAN,390000,2017
89,Flat,5,DESA PANDAN,385000,2018
89,Flat,5,DESA PANDAN,385000,2020
93,Flat,3,MANOR APARTMENT,380000,2019
89,Flat,5,DESA PANDAN,380000,2018
88,Flat,5,DESA PANDAN,380000,2017
88,Flat,5,DESA PANDAN,380000,2020
86,Flat,4,MANOR APARTMENT,380000,2019
86,Flat,3,MANOR APARTMENT,380000,2020
89,Flat,5,DESA PANDAN,375000,2018
89,Flat,5,DESA PANDAN,370000,2017
88.069,Condominium/Apartment,5,DESA PANDAN,350000,2017
89,Flat,5,DESA PANDAN,370000,2017
88,Condominium/Apartment,5,DESA PANDAN,403000,2017
88,Condominium/Apartment,5,DESA PANDAN,350000,2017
88,Flat,5,DESA PANDAN,370000,2020
88,Flat,5,DESA PANDAN,370000,2018
88,Flat,5,DESA PANDAN,370000,2020
89,Flat,5,DESA PANDAN,368000,2018
88,Flat,5,DESA PANDAN,368000,2017
88,Condominium/Apartment,5,DESA PANDAN,340000,2017
89,Flat,5,DESA PANDAN,365000,2019
89,Flat,5,DESA PANDAN,365000,2018
88,Flat,5,DESA PANDAN,360000,2019
88,Flat,5,DESA PANDAN,360000,2017
85.83,Flat,5,DESA PANDAN,360000,2020
88.998,Flat,5,DESA PANDAN,355500,2019
88,Flat,5,DESA PANDAN,355000,2018
88,Flat,5,DESA PANDAN,355000,2020
89,Flat,5,DESA PANDAN,350000,2019
89,Flat,5,DESA PANDAN,350000,2021
88,Flat,5,DESA PANDAN,350000,2020
88,Flat,5,DESA PANDAN,350000,2018
88,Flat,5,DESA PANDAN,350000,2019
88,Flat,5,DESA PANDAN,350000,2020
88,Condominium/Apartment,5,DESA PANDAN,340000,2018
88,Flat,5,DESA PANDAN,350000,2020
86,Flat,3,MANOR APARTMENT,350000,2018
85.84,Flat,5,DESA PANDAN,350000,2017
85.82,Flat,5,DESA PANDAN,350000,2019
87,Flat,4,MANOR APARTMENT,340000,2017
88,Condominium/Apartment,5,DESA PANDAN,335000,2017
88,Condominium/Apartment,5,DESA PANDAN,260000,2018
87,Condominium/Apartment,22,BAM VILLAS,420000,2018
86,Flat,3,MANOR APARTMENT,340000,2019
89,Flat,5,DESA PANDAN,330000,2020
88,Flat,5,DESA PANDAN,330000,2020
88,Flat,5,DESA PANDAN,325000,2021
88,Flat,5,DESA PANDAN,325000,2019
89,Flat,5,DESA PANDAN,320000,2017
88,Flat,5,DESA PANDAN,320000,2018
88,Flat,5,DESA PANDAN,320000,2018
86,Flat,3,MANOR APARTMENT,320000,2021
67,Flat,5,DESA PANDAN,310000,2021
88,Flat,5,DESA PANDAN,308000,2018
88,Flat,5,DESA PANDAN,305000,2020
87,Condominium/Apartment,22,BAM VILLAS,420000,2018
89,Flat,5,DESA PANDAN,300000,2019
89,Flat,5,DESA PANDAN,300000,2018
89,Flat,5,DESA PANDAN,300000,2017
86,Flat,3,MANOR APARTMENT,300000,2017
87,Condominium/Apartment,22,BAM VILLAS,420000,2018
87,Condominium/Apartment,22,BAM VILLAS,420000,2019
87,Condominium/Apartment,22,BAM VILLAS,420000,2019
87,Condominium/Apartment,22,BAM VILLAS,420000,2020
87,Condominium/Apartment,22,BAM VILLAS,420000,2020
87,Condominium/Apartment,22,BAM VILLAS,380000,2018
87,Condominium/Apartment,22,BAM VILLAS,360000,2017
87,Condominium/Apartment,22,BAM VILLAS,360000,2017
87,Condominium/Apartment,22,BAM VILLAS,350000,2017
87,Condominium/Apartment,22,BAM VILLAS,350000,2018
87,Condominium/Apartment,22,BAM VILLAS,340000,2018
87,Condominium/Apartment,22,BAM VILLAS,330000,2019
67,Flat,5,DESA PANDAN,300000,2020
87,Condominium/Apartment,22,BAM VILLAS,320000,2017
87,Condominium/Apartment,22,BAM VILLAS,320000,2018
87,Condominium/Apartment,22,BAM VILLAS,295000,2019
87,Condominium/Apartment,22,BAM VILLAS,290000,2018
87,Condominium/Apartment,22,BAM VILLAS,290000,2018
87,Condominium/Apartment,22,BAM VILLAS,290000,2018
87,Condominium/Apartment,22,BAM VILLAS,290000,2019
87,Condominium/Apartment,22,BAM VILLAS,280000,2017
87,Condominium/Apartment,22,BAM VILLAS,280000,2020
87,Condominium/Apartment,22,BAM VILLAS,275000,2020
87,Condominium/Apartment,22,BAM VILLAS,270000,2019
85,Condominium/Apartment,22,BAM VILLAS,350000,2017
84,Condominium/Apartment,3,CASA RIA,500000,2018
67,Flat,5,DESA PANDAN,300000,2018
88,Flat,5,DESA PANDAN,290000,2018
88,Flat,5,DESA PANDAN,290000,2020
88,Flat,5,DESA PANDAN,280000,2018
88,Flat,5,DESA PANDAN,280000,2018
88,Flat,5,DESA PANDAN,280000,2018
67,Flat,5,DESA PANDAN,280000,2020
67,Flat,5,DESA PANDAN,280000,2020
67,Flat,5,DESA PANDAN,280000,2019
67,Flat,5,DESA PANDAN,260000,2019
84,Condominium/Apartment,3,CASA RIA,420000,2018
84,Condominium/Apartment,3,CASA RIA,408000,2019
84,Condominium/Apartment,3,CASA RIA,380000,2019
84,Condominium/Apartment,3,CASA RIA,345000,2018
84,Condominium/Apartment,3,CASA RIA,330000,2019
83.61,Condominium/Apartment,28,PANDAN MAS RESIDENCE,300000,2019
79,Condominium/Apartment,3,CASA RIA,460000,2020
79,Condominium/Apartment,3,CASA RIA,430000,2018
79,Condominium/Apartment,3,CASA RIA,400000,2019
79,Condominium/Apartment,3,CASA RIA,390000,2019
79,Condominium/Apartment,3,CASA RIA,350000,2021
78,Condominium/Apartment,23,MUTIARA UPPER EAST CONDO,386000,2018
67,Condominium/Apartment,4,DESA PANDAN,125000,2018
42,Condominium/Apartment,23,MUTIARA UPPER EAST CONDO,180000,2019
67,Flat,5,DESA PANDAN,260000,2020
67,Flat,5,DESA PANDAN,260000,2018
67,Flat,5,DESA PANDAN,260000,2019
67,Flat,5,DESA PANDAN,260000,2019
67,Flat,5,DESA PANDAN,255000,2019
67,Flat,5,DESA PANDAN,255000,2019
89,Flat,5,DESA PANDAN,252000,2018
88,Flat,5,DESA PANDAN,250000,2017
88,Flat,5,DESA PANDAN,250000,2021
67,Flat,5,DESA PANDAN,250000,2020
67,Flat,5,DESA PANDAN,250000,2019
67,Flat,5,DESA PANDAN,250000,2018
67,Flat,5,DESA PANDAN,250000,2018
67,Flat,5,DESA PANDAN,250000,2018
67,Flat,5,DESA PANDAN,250000,2020
67,Flat,5,DESA PANDAN,245000,2019
89,Flat,5,DESA PANDAN,240000,2017
88,Flat,5,DESA PANDAN,240000,2017
67,Flat,5,DESA PANDAN,240000,2018
66.52,Flat,5,DESA PANDAN,240000,2018
89,Flat,5,DESA PANDAN,230000,2018
67,Flat,5,DESA PANDAN,230000,2018
67,Flat,5,DESA PANDAN,230000,2020
67,Flat,5,DESA PANDAN,230000,2019
67,Flat,5,DESA PANDAN,230000,2018
67,Flat,5,DESA PANDAN,230000,2019
67,Flat,5,DESA PANDAN,230000,2017
66.516,Flat,5,DESA PANDAN,230000,2018
67,Flat,5,DESA PANDAN,225000,2019
67,Flat,5,DESA PANDAN,225000,2018
67,Flat,5,DESA PANDAN,220000,2018
67,Flat,5,DESA PANDAN,220000,2020
67,Flat,5,DESA PANDAN,215000,2019
67,Flat,5,DESA PANDAN,205000,2018
67,Flat,4,DESA PANDAN,205000,2017
88,Flat,5,DESA PANDAN,200000,2017
67,Flat,5,DESA PANDAN,200000,2020
67,Flat,5,DESA PANDAN,200000,2018
67,Flat,5,DESA PANDAN,200000,2017
67,Flat,5,DESA PANDAN,200000,2017
67,Flat,5,DESA PANDAN,200000,2019
67,Flat,5,DESA PANDAN,200000,2019
66.516,Flat,5,DESA PANDAN,200000,2017
67,Flat,5,DESA PANDAN,198000,2019
67,Flat,5,DESA PANDAN,195000,2017
67,Flat,5,DESA PANDAN,190000,2019
67,Flat,5,DESA PANDAN,190000,2018
67,Flat,5,DESA PANDAN,190000,2017
67,Flat,5,DESA PANDAN,190000,2017
68.19,Flat,5,DESA PANDAN,180000,2018
67,Flat,5,DESA PANDAN,180000,2020
67,Flat,5,DESA PANDAN,180000,2018
67,Flat,5,DESA PANDAN,180000,2017
67,Flat,5,DESA PANDAN,170000,2018
67,Flat,5,DESA PANDAN,170000,2019
67,Flat,5,DESA PANDAN,165000,2018
67,Flat,5,DESA PANDAN,150000,2017
67,Flat,5,DESA PANDAN,150000,2018
67,Flat,5,DESA PANDAN,140000,2017
67,Flat,5,DESA PANDAN,130000,2017
67,Flat,5,DESA PANDAN,130000,2019
67,Flat,5,DESA PANDAN,110000,2017
67,Flat,5,DESA PANDAN,100000,2020
74.32,Flat,20,RESIDENSI PANDAN MAS PARCEL B,42000,2018
74.32,Flat,20,RESIDENSI PANDAN MAS PARCEL B,42000,2018
74.32,Flat,20,RESIDENSI PANDAN MAS PARCEL B,42000,2018
74.32,Flat,20,RESIDENSI PANDAN MAS PARCEL B,42000,2018
74.32,Flat,20,RESIDENSI PANDAN MAS PARCEL B,42000,2018
74.32,Flat,20,RESIDENSI PANDAN MAS PARCEL B,42000,2018
74.32,Flat,20,RESIDENSI PANDAN MAS PARCEL B,42000,2018
74.32,Flat,20,RESIDENSI PANDAN MAS PARCEL B,42000,2018
74.32,Flat,20,RESIDENSI PANDAN MAS PARCEL B,42000,2018
74.32,Flat,20,RESIDENSI PANDAN MAS PARCEL B,42000,2018
74.32,Flat,20,RESIDENSI PANDAN MAS PARCEL B,42000,2018
74.32,Flat,20,RESIDENSI PANDAN MAS PARCEL B,42000,2018
74.32,Flat,20,RESIDENSI PANDAN MAS PARCEL B,42000,2018
74.32,Flat,20,RESIDENSI PANDAN MAS PARCEL B,42000,2018
74.32,Flat,20,RESIDENSI PANDAN MAS PARCEL B,42000,2018
74.32,Flat,20,RESIDENSI PANDAN MAS PARCEL B,42000,2018
74.32,Flat,20,RESIDENSI PANDAN MAS PARCEL B,42000,2018
74.32,Flat,20,RESIDENSI PANDAN MAS PARCEL B,42000,2018
74.32,Flat,20,RESIDENSI PANDAN MAS PARCEL B,42000,2018
74.32,Flat,20,RESIDENSI PANDAN MAS PARCEL B,42000,2018
74.32,Flat,20,RESIDENSI PANDAN MAS PARCEL B,42000,2018
74.32,Flat,20,RESIDENSI PANDAN MAS PARCEL B,42000,2018
74.32,Flat,20,RESIDENSI PANDAN MAS PARCEL B,42000,2018
74.32,Flat,20,RESIDENSI PANDAN MAS PARCEL B,42000,2018
74.32,Flat,20,RESIDENSI PANDAN MAS PARCEL B,42000,2018
74.32,Flat,20,RESIDENSI PANDAN MAS PARCEL B,42000,2018
74.32,Flat,20,RESIDENSI PANDAN MAS PARCEL B,42000,2018
74.32,Flat,20,RESIDENSI PANDAN MAS PARCEL B,42000,2018
74.32,Flat,20,RESIDENSI PANDAN MAS PARCEL B,42000,2018
74.32,Flat,20,RESIDENSI PANDAN MAS PARCEL B,42000,2018
74.32,Flat,20,RESIDENSI PANDAN MAS PARCEL B,42000,2018
74.32,Flat,20,RESIDENSI PANDAN MAS PARCEL B,42000,2017
74.32,Flat,20,RESIDENSI PANDAN MAS PARCEL B,42000,2018
74.32,Flat,20,RESIDENSI PANDAN MAS PARCEL B,42000,2018
74.32,Flat,20,RESIDENSI PANDAN MAS PARCEL B,42000,2018
74.32,Flat,20,RESIDENSI PANDAN MAS PARCEL B,42000,2018
74.32,Flat,20,RESIDENSI PANDAN MAS PARCEL B,42000,2018
67,Low-Cost Flat,5,DESA PANDAN,280000,2020
67,Low-Cost Flat,5,DESA PANDAN,280000,2019
74.32,Flat,20,RESIDENSI PANDAN MAS PARCEL B,42000,2018
74.32,Flat,20,RESIDENSI PANDAN MAS PARCEL B,42000,2018
74.32,Flat,20,RESIDENSI PANDAN MAS PARCEL B,42000,2018
74.32,Flat,20,RESIDENSI PANDAN MAS PARCEL B,42000,2018
67,Low-Cost Flat,5,DESA PANDAN,280000,2019
74.32,Flat,20,RESIDENSI PANDAN MAS PARCEL B,42000,2018
66.516,Low-Cost Flat,5,DESA PANDAN,280000,2019
74.32,Flat,20,RESIDENSI PANDAN MAS PARCEL B,42000,2018
74.32,Flat,20,RESIDENSI PANDAN MAS PARCEL B,42000,2018
67,Low-Cost Flat,5,DESA PANDAN,270000,2019
67,Low-Cost Flat,5,DESA PANDAN,270000,2017
67,Low-Cost Flat,5,DESA PANDAN,260000,2017
67,Low-Cost Flat,5,DESA PANDAN,250000,2019
74.32,Flat,20,RESIDENSI PANDAN MAS PARCEL B,42000,2018
74.32,Flat,20,RESIDENSI PANDAN MAS PARCEL B,42000,2018
74.32,Flat,20,RESIDENSI PANDAN MAS PARCEL B,42000,2018
74.32,Flat,20,RESIDENSI PANDAN MAS PARCEL B,42000,2018
74.32,Flat,20,RESIDENSI PANDAN MAS PARCEL B,42000,2018
74.32,Flat,20,RESIDENSI PANDAN MAS PARCEL B,42000,2018
74.32,Flat,20,RESIDENSI PANDAN MAS PARCEL B,42000,2018
67,Low-Cost Flat,5,DESA PANDAN,250000,2020
74.32,Flat,20,RESIDENSI PANDAN MAS PARCEL B,42000,2017
74.32,Flat,20,RESIDENSI PANDAN MAS PARCEL B,42000,2018
67,Low-Cost Flat,5,DESA PANDAN,250000,2017
74.32,Flat,20,RESIDENSI PANDAN MAS PARCEL B,42000,2018
74.32,Flat,20,RESIDENSI PANDAN MAS PARCEL B,42000,2018
67,Low-Cost Flat,5,DESA PANDAN,240000,2017
74.32,Flat,20,RESIDENSI PANDAN MAS PARCEL B,42000,2018
74.32,Flat,20,RESIDENSI PANDAN MAS PARCEL B,42000,2018
74.32,Flat,20,RESIDENSI PANDAN MAS PARCEL B,42000,2018
74.32,Flat,20,RESIDENSI PANDAN MAS PARCEL B,42000,2018
69,Low-Cost Flat,5,DESA PANDAN,235000,2019
67,Low-Cost Flat,5,DESA PANDAN,233000,2020
74.32,Flat,20,RESIDENSI PANDAN MAS PARCEL B,42000,2018
67,Low-Cost Flat,5,DESA PANDAN,230000,2020
67,Low-Cost Flat,5,DESA PANDAN,230000,2018
67,Low-Cost Flat,5,DESA PANDAN,230000,2020
67,Low-Cost Flat,5,DESA PANDAN,230000,2019
74.32,Flat,20,RESIDENSI PANDAN MAS PARCEL B,42000,2018
74.32,Flat,20,RESIDENSI PANDAN MAS PARCEL B,42000,2018
74.32,Flat,20,RESIDENSI PANDAN MAS PARCEL B,42000,2018
74.32,Flat,20,RESIDENSI PANDAN MAS PARCEL B,42000,2018
74.32,Flat,20,RESIDENSI PANDAN MAS PARCEL B,42000,2018
74.32,Flat,20,RESIDENSI PANDAN MAS PARCEL B,42000,2018
74.32,Flat,20,RESIDENSI PANDAN MAS PARCEL B,42000,2018
66.52,Low-Cost Flat,5,DESA PANDAN,230000,2018
74.32,Flat,20,RESIDENSI PANDAN MAS PARCEL B,42000,2018
74.32,Flat,20,RESIDENSI PANDAN MAS PARCEL B,42000,2018
67,Low-Cost Flat,5,DESA PANDAN,220000,2018
67,Low-Cost Flat,5,DESA PANDAN,218000,2019
67,Low-Cost Flat,5,DESA PANDAN,215000,2018
74.32,Flat,20,RESIDENSI PANDAN MAS PARCEL B,42000,2018
67,Low-Cost Flat,5,DESA PANDAN,215000,2019
74.32,Flat,20,RESIDENSI PANDAN MAS PARCEL B,42000,2018
74.32,Flat,20,RESIDENSI PANDAN MAS PARCEL B,42000,2018
74.32,Flat,20,RESIDENSI PANDAN MAS PARCEL B,42000,2018
67,Low-Cost Flat,5,DESA PANDAN,210000,2019
67,Low-Cost Flat,5,DESA PANDAN,200000,2020
74.32,Flat,20,RESIDENSI PANDAN MAS PARCEL B,42000,2018
74.32,Flat,20,RESIDENSI PANDAN MAS PARCEL B,42000,2018
74.32,Flat,20,RESIDENSI PANDAN MAS PARCEL B,42000,2018
67,Low-Cost Flat,5,DESA PANDAN,200000,2019
74.32,Flat,20,RESIDENSI PANDAN MAS PARCEL B,42000,2018
74.32,Flat,20,RESIDENSI PANDAN MAS PARCEL B,42000,2018
74.32,Flat,20,RESIDENSI PANDAN MAS PARCEL B,42000,2018
74.32,Flat,20,RESIDENSI PANDAN MAS PARCEL B,42000,2017
74.32,Flat,20,RESIDENSI PANDAN MAS PARCEL B,42000,2018
74.32,Flat,20,RESIDENSI PANDAN MAS PARCEL B,42000,2018
74.32,Flat,20,RESIDENSI PANDAN MAS PARCEL B,42000,2018
74.32,Flat,20,RESIDENSI PANDAN MAS PARCEL B,42000,2018
74.32,Flat,20,RESIDENSI PANDAN MAS PARCEL B,42000,2018
74.32,Flat,20,RESIDENSI PANDAN MAS PARCEL B,42000,2018
67,Low-Cost Flat,5,DESA PANDAN,200000,2020
74.32,Flat,20,RESIDENSI PANDAN MAS PARCEL B,42000,2018
66.516,Low-Cost Flat,5,DESA PANDAN,200000,2017
74.32,Flat,20,RESIDENSI PANDAN MAS PARCEL B,42000,2018
74.32,Flat,20,RESIDENSI PANDAN MAS PARCEL B,42000,2018
52,Low-Cost Flat,4,TMN MALURI,200000,2020
74.32,Flat,20,RESIDENSI PANDAN MAS PARCEL B,42000,2018
74.32,Flat,20,RESIDENSI PANDAN MAS PARCEL B,42000,2018
74.32,Flat,20,RESIDENSI PANDAN MAS PARCEL B,42000,2018
74.32,Flat,20,RESIDENSI PANDAN MAS PARCEL B,42000,2018
74.32,Flat,20,RESIDENSI PANDAN MAS PARCEL B,42000,2018
74.32,Flat,20,RESIDENSI PANDAN MAS PARCEL B,42000,2018
49,Low-Cost Flat,5,TMN MALURI,190000,2019
74.32,Flat,20,RESIDENSI PANDAN MAS PARCEL B,42000,2018
74.32,Flat,20,RESIDENSI PANDAN MAS PARCEL B,42000,2018
74.32,Flat,20,RESIDENSI PANDAN MAS PARCEL B,42000,2018
69,Low-Cost Flat,5,DESA PANDAN,180000,2017
67,Low-Cost Flat,5,DESA PANDAN,180000,2019
67,Low-Cost Flat,5,DESA PANDAN,180000,2018
74.32,Flat,20,RESIDENSI PANDAN MAS PARCEL B,42000,2018
67,Low-Cost Flat,5,DESA PANDAN,165000,2017
74.32,Flat,20,RESIDENSI PANDAN MAS PARCEL B,42000,2018
49,Low-Cost Flat,5,TMN MALURI,165000,2019
56,Low-Cost Flat,5,TMN MALURI,162000,2017
52,Low-Cost Flat,4,TMN MALURI,160000,2018
66.516,Low-Cost Flat,5,DESA PANDAN,150000,2019
52,Low-Cost Flat,5,TMN MALURI,150000,2019
52,Low-Cost Flat,5,TMN MALURI,150000,2019
49,Low-Cost Flat,5,TMN MALURI,150000,2018
49,Low-Cost Flat,5,TMN MALURI,140000,2018
52,Low-Cost Flat,5,TMN MALURI,135000,2019
52,Low-Cost Flat,5,TMN MALURI,130000,2020
52,Low-Cost Flat,5,TMN MALURI,125000,2017
52,Low-Cost Flat,5,TMN MALURI,123000,2019
67,Low-Cost Flat,5,DESA PANDAN,120000,2018
52,Low-Cost Flat,5,TMN MALURI,120000,2019
52,Low-Cost Flat,5,TMN MALURI,105000,2019
52,Low-Cost Flat,5,TMN MALURI,100000,2017
49,Low-Cost Flat,5,TMN MALURI,100000,2017
56,Low-Cost Flat,5,TMN MALURI,99000,2018
66.52,Low-Cost Flat,5,DESA PANDAN,90000,2019
60.385,Low-Cost Flat,18,PPR HILIRAN AMPANG,35000,2018
60.385,Low-Cost Flat,18,PPR HILIRAN AMPANG,35000,2019
60.385,Low-Cost Flat,18,PPR HILIRAN AMPANG,35000,2017
60.385,Low-Cost Flat,18,PPR HILIRAN AMPANG,35000,2019
60,Low-Cost Flat,18,PPR HILIRAN AMPANG,35000,2017
60,Low-Cost Flat,18,PPR HILIRAN AMPANG,35000,2018
60,Low-Cost Flat,18,PPR HILIRAN AMPANG,35000,2018
60,Low-Cost Flat,18,PPR HILIRAN AMPANG,35000,2017
60,Low-Cost Flat,18,PPR HILIRAN AMPANG,35000,2018
60,Low-Cost Flat,18,PPR HILIRAN AMPANG,35000,2017